Workbook

Sheet Course Overview
A1: BIO 304 . HUMAN ANATOMY & PHYSIOLOGY . MEDMASTERS COLLABORATIVE
A2: Course Overview
A3: Live counts pull from the Video Tracker tab. Update URLs there and these stats refresh automatically.
A5: TOTAL TOPICS | B5: VIDEOS WITH URL | C5: PERCENT COMPLETE | D5: TOTAL CARDS | E5: MODULES
A6: =COUNTA('Video Tracker'!D6:D200) -> 46 | B6: =COUNTIF('Video Tracker'!J6:J200,"?*") -> 0 | C6: =IF(A6=0,0,B6/A6) -> 0 | D6: =SUM('Video Tracker'!G6:G200) -> 320 | E6: =MAX('Video Tracker'!A6:A200) -> 17
A8: Per-module progress
A9: Module # | B9: Week | C9: Module Title | D9: Topics | E9: Videos Done | F9: Progress
A10: 1 | B10: Week 1 | C10: Foundations of Anatomy and Physiology | D10: =COUNTIF('Video Tracker'!A6:A200,1) -> 3 | E10: =COUNTIFS('Video Tracker'!A6:A200,1,'Video Tracker'!J6:J200,"?*") -> 0 | F10: =IF(D10=0,0,E10/D10) -> 0
A11: 2 | B11: Week 2 | C11: Chemistry of Life | D11: =COUNTIF('Video Tracker'!A6:A200,2) -> 3 | E11: =COUNTIFS('Video Tracker'!A6:A200,2,'Video Tracker'!J6:J200,"?*") -> 0 | F11: =IF(D11=0,0,E11/D11) -> 0
A12: 3 | B12: Week 3 | C12: The Cell | D12: =COUNTIF('Video Tracker'!A6:A200,3) -> 3 | E12: =COUNTIFS('Video Tracker'!A6:A200,3,'Video Tracker'!J6:J200,"?*") -> 0 | F12: =IF(D12=0,0,E12/D12) -> 0
A13: 4 | B13: Week 4 | C13: Tissues | D13: =COUNTIF('Video Tracker'!A6:A200,4) -> 3 | E13: =COUNTIFS('Video Tracker'!A6:A200,4,'Video Tracker'!J6:J200,"?*") -> 0 | F13: =IF(D13=0,0,E13/D13) -> 0
A14: 5 | B14: Week 5 | C14: Integumentary System | D14: =COUNTIF('Video Tracker'!A6:A200,5) -> 2 | E14: =COUNTIFS('Video Tracker'!A6:A200,5,'Video Tracker'!J6:J200,"?*") -> 0 | F14: =IF(D14=0,0,E14/D14) -> 0
A15: 6 | B15: Week 6 | C15: Skeletal System | D15: =COUNTIF('Video Tracker'!A6:A200,6) -> 4 | E15: =COUNTIFS('Video Tracker'!A6:A200,6,'Video Tracker'!J6:J200,"?*") -> 0 | F15: =IF(D15=0,0,E15/D15) -> 0
A16: 7 | B16: Week 8 | C16: Muscular System | D16: =COUNTIF('Video Tracker'!A6:A200,7) -> 3 | E16: =COUNTIFS('Video Tracker'!A6:A200,7,'Video Tracker'!J6:J200,"?*") -> 0 | F16: =IF(D16=0,0,E16/D16) -> 0
A17: 8 | B17: Week 10 | C17: Nervous System | D17: =COUNTIF('Video Tracker'!A6:A200,8) -> 4 | E17: =COUNTIFS('Video Tracker'!A6:A200,8,'Video Tracker'!J6:J200,"?*") -> 0 | F17: =IF(D17=0,0,E17/D17) -> 0
A18: 9 | B18: Week 12 | C18: Special Senses | D18: =COUNTIF('Video Tracker'!A6:A200,9) -> 2 | E18: =COUNTIFS('Video Tracker'!A6:A200,9,'Video Tracker'!J6:J200,"?*") -> 0 | F18: =IF(D18=0,0,E18/D18) -> 0
A19: 10 | B19: Week 13 | C19: Endocrine System | D19: =COUNTIF('Video Tracker'!A6:A200,10) -> 2 | E19: =COUNTIFS('Video Tracker'!A6:A200,10,'Video Tracker'!J6:J200,"?*") -> 0 | F19: =IF(D19=0,0,E19/D19) -> 0
A20: 11 | B20: Week 14 | C20: Blood | D20: =COUNTIF('Video Tracker'!A6:A200,11) -> 2 | E20: =COUNTIFS('Video Tracker'!A6:A200,11,'Video Tracker'!J6:J200,"?*") -> 0 | F20: =IF(D20=0,0,E20/D20) -> 0
A21: 12 | B21: Week 15 | C21: Cardiovascular System | D21: =COUNTIF('Video Tracker'!A6:A200,12) -> 3 | E21: =COUNTIFS('Video Tracker'!A6:A200,12,'Video Tracker'!J6:J200,"?*") -> 0 | F21: =IF(D21=0,0,E21/D21) -> 0
A22: 13 | B22: Week 16 | C22: Lymphatic and Immune System | D22: =COUNTIF('Video Tracker'!A6:A200,13) -> 2 | E22: =COUNTIFS('Video Tracker'!A6:A200,13,'Video Tracker'!J6:J200,"?*") -> 0 | F22: =IF(D22=0,0,E22/D22) -> 0
A23: 14 | B23: Week 17 | C23: Respiratory System | D23: =COUNTIF('Video Tracker'!A6:A200,14) -> 2 | E23: =COUNTIFS('Video Tracker'!A6:A200,14,'Video Tracker'!J6:J200,"?*") -> 0 | F23: =IF(D23=0,0,E23/D23) -> 0
A24: 15 | B24: Week 18 | C24: Digestive System | D24: =COUNTIF('Video Tracker'!A6:A200,15) -> 2 | E24: =COUNTIFS('Video Tracker'!A6:A200,15,'Video Tracker'!J6:J200,"?*") -> 0 | F24: =IF(D24=0,0,E24/D24) -> 0
A25: 16 | B25: Week 19 | C25: Urinary System and Fluid Balance | D25: =COUNTIF('Video Tracker'!A6:A200,16) -> 3 | E25: =COUNTIFS('Video Tracker'!A6:A200,16,'Video Tracker'!J6:J200,"?*") -> 0 | F25: =IF(D25=0,0,E25/D25) -> 0
A26: 17 | B26: Week 20 | C26: Reproductive System and Development | D26: =COUNTIF('Video Tracker'!A6:A200,17) -> 3 | E26: =COUNTIFS('Video Tracker'!A6:A200,17,'Video Tracker'!J6:J200,"?*") -> 0 | F26: =IF(D26=0,0,E26/D26) -> 0

Sheet Video Tracker
A1: BIO 304 . HUMAN ANATOMY & PHYSIOLOGY . MEDMASTERS COLLABORATIVE
A2: Video Production Tracker
A3: Drop your final video URL into column J as each video is finished. Update column K to track production. Save the file and send it back to plug videos into the pre-work hub.
A5: Module # | B5: Week | C5: Topic ID (do not edit) | D5: Topic Title | E5: Summary | F5: Gate Keywords | G5: Cards | H5: DOK 1 / 2 / 3 | I5: Module | J5: Video URL (paste here) | K5: Status
A6: 1 | B6: Week 1 | C6: t-levels-of-organization | D6: Levels of Organization | E6: From atoms to organism: how complexity scales and where new function emerges. | F6: atom, cell, tissue, organ, organ system, organism | G6: 7 | H6: 4 / 2 / 1 | I6: Foundations of Anatomy and Physiology | K6: Pending
A7: 1 | B7: Week 1 | C7: t-anatomical-terminology | D7: Anatomical Terminology and Body Regions | E7: Anatomical position, directional terms, body planes, cavities, and the four abdominal quadrants. | F7: anatomical position, sagittal, transverse, superior, anterior, abdominopelvic | G7: 7 | H7: 4 / 2 / 1 | I7: Foundations of Anatomy and Physiology | K7: Pending
A8: 1 | B8: Week 1 | C8: t-homeostasis | D8: Homeostasis and Feedback Loops | E8: Set points, the four-part negative feedback loop, and why positive feedback is the rare exception. | F8: homeostasis, feedback, set point, receptor, effector | G8: 8 | H8: 4 / 2 / 2 | I8: Foundations of Anatomy and Physiology | K8: Pending
A9: 2 | B9: Week 2 | C9: t-atoms-bonds-water | D9: Atoms, Bonds, and Water | E9: Subatomic particles, ionic vs covalent vs hydrogen bonds, and why water is the medium of life. | F9: atom, electron, covalent bond, ionic bond, hydrogen bond, polar | G9: 7 | H9: 4 / 2 / 1 | I9: Chemistry of Life | K9: Pending
A10: 2 | B10: Week 2 | C10: t-macromolecules | D10: Biological Macromolecules | E10: The four major polymer classes: carbohydrates, lipids, proteins, and nucleic acids. | F10: carbohydrate, lipid, protein, nucleic acid, monomer, polymer | G10: 7 | H10: 4 / 2 / 1 | I10: Chemistry of Life | K10: Pending
A11: 2 | B11: Week 2 | C11: t-enzymes-energy | D11: Enzymes and ATP | E11: How enzymes lower activation energy, what regulates them, and the role of ATP as the cell's energy currency. | F11: enzyme, active site, substrate, activation energy, ATP, ADP | G11: 7 | H11: 4 / 2 / 1 | I11: Chemistry of Life | K11: Pending
A12: 3 | B12: Week 3 | C12: t-cell-structure | D12: Cell Structure and Organelles | E12: Plasma membrane, nucleus, and the major cytoplasmic organelles that do the work of the cell. | F12: nucleus, mitochondria, endoplasmic reticulum, Golgi, ribosome, plasma membrane | G12: 7 | H12: 4 / 2 / 1 | I12: The Cell | K12: Pending
A13: 3 | B13: Week 3 | C13: t-membrane-transport | D13: Membrane Transport | E13: Passive vs active, simple vs facilitated, primary vs secondary, plus bulk transport. | F13: diffusion, osmosis, active transport, gradient, channel, carrier | G13: 8 | H13: 4 / 2 / 2 | I13: The Cell | K13: Pending
A14: 3 | B14: Week 3 | C14: t-cell-cycle-protein-synthesis | D14: Cell Cycle and Protein Synthesis | E14: Interphase and mitosis at a glance, then the DNA → RNA → protein pipeline. | F14: mitosis, interphase, transcription, translation, mRNA, ribosome | G14: 7 | H14: 4 / 2 / 1 | I14: The Cell | K14: Pending
A15: 4 | B15: Week 4 | C15: t-epithelial-tissue | D15: Epithelial Tissue Classification | E15: Naming epithelia by layer and cell shape; where each type lives and what it does. | F15: epithelium, simple, stratified, squamous, cuboidal, columnar | G15: 7 | H15: 4 / 2 / 1 | I15: Tissues | K15: Pending
A16: 4 | B16: Week 4 | C16: t-connective-tissue | D16: Connective Tissues | E16: Cells embedded in a matrix: loose, dense, cartilage, bone, blood. | F16: connective tissue, matrix, fibroblast, collagen, cartilage, bone | G16: 7 | H16: 4 / 2 / 1 | I16: Tissues | K16: Pending
A17: 4 | B17: Week 4 | C17: t-muscle-nervous-tissue | D17: Muscle and Nervous Tissue Overview | E17: Three muscle types compared, plus neurons and glia at a tissue level. | F17: skeletal muscle, smooth muscle, cardiac muscle, neuron, glia | G17: 6 | H17: 4 / 1 / 1 | I17: Tissues | K17: Pending
... A51: 17 | B51: Week 20 | C51: t-pregnancy-development | D51: Pregnancy and Development | E51: Fertilization through the trimesters, plus the role of the placenta. | F51: fertilization, embryo, placenta, trimester, hCG | G51: 6 | H51: 4 / 1 / 1 | I51: Reproductive System and Development | K51: Pending
